,open,high,low,close,volume
1686133200000,1854.46,1854.46,1854.46,1854.46,1.0
1686133260000,1854.46,1854.46,1854.46,1854.46,0.0
1686133320000,1854.46,1854.46,1854.46,1854.46,0.0
1686133380000,1854.46,1854.46,1854.46,1854.46,0.0
1686133440000,1854.46,1854.46,1854.46,1854.46,0.0
1686133500000,1854.46,1854.46,1854.46,1854.46,0.0
1686133560000,1854.46,1855.26,1854.46,1854.62,5.61017
1686133620000,1854.63,1855.51,1844.27,1855.51,25.02806
1686133680000,1855.69,1856.88,1852.89,1856.36,33.62795
1686133740000,1856.49,1856.99,1779.51,1856.99,23.42912
1686133800000,1857.0,1857.71,1856.21,1856.28,7.63742
1686133860000,1856.02,1856.59,1856.01,1856.52,7.45734
1686133920000,1856.06,1856.06,1855.97,1855.97,0.7166
1686133980000,1855.85,1855.92,1770.46,1855.22,17.89993
1686134040000,1855.22,1855.94,1855.07,1855.94,5.53096
1686134100000,1855.99,1855.99,1834.4,1854.8,16.64112
1686134160000,1854.54,1855.21,1853.46,1854.84,23.86542
1686134220000,1854.84,1855.98,1844.6,1855.97,37.10208
1686134280000,1855.99,1856.52,1854.51,1856.52,33.90657
1686134340000,1856.48,1857.36,1852.02,1857.35,25.36637
1686134400000,1856.61,1856.91,1840.0,1855.95,41.87159
1686134460000,1856.06,1856.31,1819.35,1855.89,49.05421
1686134520000,1855.89,1855.89,1855.89,1855.89,48.94025
1686134580000,1855.89,1858.24,1855.89,1858.24,39.50333
1686134640000,1858.26,1917.6,1852.83,1859.92,38.28174
1686134700000,1859.44,1860.56,1858.88,1859.08,13.24533
1686134760000,1857.82,1858.08,1857.82,1857.95,2.40655
1686134820000,1857.96,1858.83,1857.95,1858.83,15.6126
1686134880000,1856.93,1856.93,1856.83,1856.91,3.0098
1686134940000,1856.91,1856.91,1856.91,1856.91,0.0
1686135000000,1856.46,1857.34,1856.3,1857.18,6.31454
1686135060000,1857.05,1857.39,1855.82,1857.39,15.7402
1686135120000,1857.4,1857.91,1857.39,1857.87,6.32579
1686135180000,1857.94,1858.76,1857.91,1858.12,15.23334
1686135240000,1857.62,1858.3,1857.62,1857.94,5.98454
1686135300000,1858.31,1858.54,1857.66,1857.66,2.97053
1686135360000,1857.32,1858.1,1857.18,1858.1,9.78537
1686135420000,1857.84,1857.88,1857.56,1857.84,4.45675
1686135480000,1857.76,1857.76,1667.58,1667.58,42.91617
1686135540000,1667.58,1667.58,1667.58,1667.58,0.0
1686135600000,1857.25,1857.68,1740.14,1857.68,23.16613
1686135660000,1857.68,1857.78,1856.27,1857.67,22.68441
1686135720000,1857.79,1858.16,1856.49,1856.49,26.78105
1686135780000,1857.78,1857.79,1780.0,1857.63,34.09883
1686135840000,1857.62,1857.79,1837.22,1857.79,43.27106
1686135900000,1857.8,1857.8,1857.04,1857.8,15.57154
1686135960000,1857.8,1857.8,1857.8,1857.8,0.0
1686136020000,1857.8,1857.8,1857.41,1857.41,1.77474
1686136080000,1857.44,1857.52,1857.43,1857.52,1.24895
1686136140000,1857.69,1858.52,1857.67,1858.52,10.48959
1686136200000,1858.64,1859.92,1845.0,1859.92,27.67799
1686136260000,1859.95,1860.15,1859.95,1860.15,3.27943
1686136320000,1860.11,1861.17,1860.11,1861.17,4.42571
1686136380000,1861.34,1862.59,1861.04,1861.91,14.63717
1686136440000,1861.06,1861.06,1857.3,1860.86,14.88084
1686136500000,1860.84,1860.86,1859.73,1859.73,1.55844
1686136560000,1859.08,1859.33,1859.08,1859.33,2.07612
1686136620000,1859.14,1859.14,1858.82,1858.88,1.35019
1686136680000,1858.99,2019.11,1858.93,1859.57,29.98822
1686136740000,1859.54,1859.57,1859.54,1859.54,1.08437
1686136800000,1859.09,1859.09,1350.0,1858.74,18.76368
1686136860000,1858.74,1861.06,1858.74,1861.06,9.94108
1686136920000,1861.14,2019.11,1861.14,1863.84,22.71362
1686136980000,1863.78,1865.86,1863.78,1864.83,21.13968
1686137040000,1864.15,1865.51,1864.15,1865.48,11.16883
1686137100000,1864.99,1865.39,1863.78,1864.01,10.26744
1686137160000,1864.02,1864.9,1864.02,1864.67,10.7216
1686137220000,1864.69,1864.75,1863.69,1863.83,4.33248
1686137280000,1863.8,1863.8,1818.66,1818.66,23.4492
1686137340000,1863.46,1864.52,1818.66,1864.1,29.92017
1686137400000,1864.01,1865.71,1863.95,1865.71,13.79556
1686137460000,1865.88,1869.18,1865.88,1869.18,25.08988
1686137520000,1869.33,1872.33,1858.04,1872.33,35.15702
1686137580000,1873.74,1876.21,1873.04,1873.48,15.14695
1686137640000,1873.02,1874.73,1858.04,1874.56,41.95068
1686137700000,1874.69,1874.73,1858.04,1873.96,23.15661
1686137760000,1872.68,1872.68,1858.54,1871.33,11.63246
1686137820000,1871.33,1871.33,1871.33,1871.33,0.0
1686137880000,1870.23,1870.33,1869.04,1869.3,4.11294
1686137940000,1868.64,1872.92,1868.64,1870.11,8.25829
1686138000000,1870.0,1874.73,1868.36,1868.99,30.84904
1686138060000,1869.0,1874.73,1868.71,1870.03,28.05965
1686138120000,1870.03,1870.76,1870.03,1870.76,12.72276
1686138180000,1870.64,1871.25,1868.6,1868.8,25.23947
1686138240000,1868.9,1869.49,1868.76,1869.24,7.50664
1686138300000,1869.05,1869.66,1868.48,1868.65,10.6123
1686138360000,1868.61,1868.61,1867.91,1868.26,3.07291
1686138420000,1867.83,1868.46,1867.83,1868.46,4.35699
1686138480000,1868.42,1868.42,1868.05,1868.05,3.90733
1686138540000,1867.59,1868.22,1867.57,1868.22,4.66296
1686138600000,1867.95,1867.95,1867.19,1867.26,3.10598
1686138660000,1867.48,1869.0,1867.48,1867.79,12.03408
1686138720000,1867.4,1867.4,1867.14,1867.39,2.9506
1686138780000,1867.67,1868.72,1867.67,1868.51,9.96676
1686138840000,1868.6,1868.66,1867.6,1867.8,10.01042
1686138900000,1867.68,1868.66,1866.96,1867.76,29.34005
1686138960000,1867.86,1899.63,1867.86,1870.27,37.08232
1686139020000,1869.01,1869.58,1868.34,1868.34,4.85047
1686139080000,1868.08,1868.81,1868.05,1868.81,5.61889
1686139140000,1868.82,1869.73,1868.82,1869.73,6.84185
1686139200000,1870.23,1870.79,1868.8,1868.89,16.87607
1686139260000,1869.11,1869.75,1867.55,1867.55,20.48047
1686139320000,1867.54,1867.54,1866.9,1866.95,3.64686
1686139380000,1866.67,1866.89,1855.47,1865.59,14.9458
1686139440000,1865.57,1899.63,1863.59,1866.28,32.18812
1686139500000,1865.96,1865.96,1865.44,1865.44,3.38751
1686139560000,1864.57,1865.79,1861.6,1863.47,30.73412
1686139620000,1863.47,1864.29,1862.58,1862.62,14.08286
1686139680000,1862.85,5961.12,1862.85,1865.4,13.3189
1686139740000,1865.51,1865.74,1864.45,1864.45,8.64821
1686139800000,1864.03,1864.74,1854.72,1863.56,7.64897
1686139860000,1863.57,1863.84,1863.57,1863.84,2.08715
1686139920000,1863.33,1863.59,1859.64,1862.94,15.13319
1686139980000,1862.94,1871.28,1862.94,1864.14,14.07714
1686140040000,1863.88,1863.88,1863.82,1863.82,0.76651
1686140100000,1863.33,1863.82,1863.17,1863.82,9.7881
1686140160000,1863.82,1864.89,1863.18,1863.85,22.66522
1686140220000,1863.59,1863.59,1767.2,1861.4,8.20511
1686140280000,1861.4,1863.35,1860.54,1863.35,33.35338
1686140340000,1863.4,1864.1,1863.31,1864.1,6.42215
1686140400000,1864.22,1864.22,1863.63,1863.72,8.73475
1686140460000,1863.47,1864.22,1863.22,1864.22,15.86379
1686140520000,1864.22,1864.22,1863.89,1864.22,40.0193
1686140580000,1864.22,1864.22,1864.19,1864.22,48.3169
1686140640000,1864.22,1865.42,1864.22,1865.42,7.2537
1686140700000,1865.5,1865.68,1864.69,1864.85,8.0605
1686140760000,1864.79,1865.18,1864.79,1865.18,4.56624
1686140820000,1865.4,1866.05,1865.4,1865.48,7.59458
1686140880000,1865.39,1865.4,1865.39,1865.4,0.43912
1686140940000,1865.39,1866.25,1865.39,1866.25,4.08401
1686141000000,1865.54,1865.72,1864.89,1865.72,8.21664
1686141060000,1865.44,1867.1,1865.35,1867.1,19.73628
1686141120000,1866.77,1866.9,1866.72,1866.88,2.223
1686141180000,1866.44,1867.23,1866.44,1867.02,5.71355
1686141240000,1866.86,1867.29,1866.86,1867.29,4.31493
1686141300000,1866.98,1867.14,1866.03,1866.59,13.46755
1686141360000,1865.4,1865.4,1842.4,1865.3,8.29492
1686141420000,1865.28,1866.15,1865.15,1865.89,17.84354
1686141480000,1865.69,1866.03,1865.14,1865.5,8.46438
1686141540000,1865.28,1865.75,1865.28,1865.75,2.98568
1686141600000,1865.79,1867.29,1865.79,1867.22,19.38739
1686141660000,1867.14,1867.52,1867.14,1867.52,3.66859
1686141720000,1867.49,1868.07,1867.49,1868.07,5.402
1686141780000,1868.08,1868.17,1867.99,1867.99,1.91638
1686141840000,1867.83,1868.12,1867.74,1868.12,8.25401
1686141900000,1868.12,1868.21,1867.14,1867.46,5.78691
1686141960000,1867.47,1867.94,1867.47,1867.94,2.70377
1686142020000,1867.9,1868.72,1867.9,1868.72,5.35307
1686142080000,1868.27,1868.27,1867.85,1867.85,1.35967
1686142140000,1867.85,1867.85,1867.85,1867.85,0.0
1686142200000,1866.5,1866.5,1866.22,1866.29,1.13582
1686142260000,1866.29,1867.19,1866.29,1866.67,7.1243
1686142320000,1866.17,1866.17,1862.48,1864.58,12.6214
1686142380000,1864.51,1866.35,1736.27,1864.48,32.51281
1686142440000,1864.21,1864.71,1861.28,1864.71,32.63941
1686142500000,1864.66,1865.05,1864.35,1865.05,11.16483
1686142560000,1865.12,1865.41,1865.12,1865.41,2.39709
1686142620000,1865.44,1865.55,1865.44,1865.55,1.04171
1686142680000,1865.04,1865.04,1863.67,1863.69,6.21003
1686142740000,1863.54,1864.93,1827.82,1864.93,44.94101
1686142800000,1864.95,1864.95,1862.54,1862.54,19.21067
1686142860000,1864.28,1864.47,1863.73,1863.73,2.33973
1686142920000,1863.76,1864.62,1863.76,1864.62,10.13152
1686142980000,1864.85,1864.95,1864.85,1864.95,1.50676
1686143040000,1864.72,1864.72,1830.0,1830.0,17.01784
1686143100000,1863.73,1863.73,1863.57,1863.57,0.88532
1686143160000,1863.31,1863.31,1862.8,1862.86,2.86492
1686143220000,1863.13,1863.65,1862.89,1862.89,9.0003
1686143280000,1862.65,1862.86,1862.64,1862.86,2.6037
1686143340000,1862.15,1862.35,1862.0,1862.0,5.87936
1686143400000,1862.09,1862.41,1830.0,1861.54,29.16887
1686143460000,1861.57,1862.73,1861.57,1861.8,10.29726
1686143520000,1861.76,1863.07,1861.76,1863.07,9.61226
1686143580000,1863.07,1863.55,1863.07,1863.55,3.99164
1686143640000,1863.25,1863.25,1862.7,1862.7,0.78835
1686143700000,1862.36,1864.1,1861.12,1863.01,27.45237
1686143760000,1863.07,1863.18,1861.83,1862.09,9.26661
1686143820000,1862.21,1862.78,1862.21,1862.73,3.14065
1686143880000,1862.73,1863.06,1862.73,1862.73,4.0152
1686143940000,1862.11,1863.35,1862.11,1863.35,7.338
1686144000000,1863.22,2000.0,1863.21,2000.0,19.30986
1686144060000,1864.38,1865.02,1859.72,1864.42,21.08699
1686144120000,1864.19,1864.19,1863.24,1863.24,4.42383
1686144180000,1863.25,1863.71,1863.05,1863.35,7.01934
1686144240000,1863.51,1863.85,1830.0,1863.85,23.22465
1686144300000,1863.67,1863.68,1863.67,1863.68,0.37023
1686144360000,1863.69,1865.01,1863.69,1865.01,5.72779
1686144420000,1865.26,1865.38,1864.14,1864.14,4.85828
1686144480000,1863.87,1864.54,1862.6,1863.12,23.61081
1686144540000,1863.07,1863.28,1835.73,1835.73,15.68251
1686144600000,1862.13,1864.28,1835.73,1864.28,40.93882
1686144660000,1864.08,1865.05,1846.54,1864.36,25.60531
1686144720000,1864.19,2064.79,1864.03,1865.25,39.37704
1686144780000,1865.11,1865.58,1864.53,1864.53,11.74248
1686144840000,1864.51,1865.06,1863.95,1863.95,30.60853
1686144900000,1863.95,1863.95,1863.01,1863.02,33.58319
1686144960000,1863.08,1863.53,1862.21,1863.53,7.48143
1686145020000,1863.63,1863.76,1863.29,1863.29,2.14636
1686145080000,1863.3,1863.93,1862.6,1862.6,9.18405
1686145140000,1862.13,1863.81,1861.68,1861.8,19.71153
1686145200000,1861.85,1861.94,1804.8,1861.7,35.87313
1686145260000,1861.86,1862.6,1861.2,1861.8,20.78102
1686145320000,1861.34,1861.44,1857.84,1859.43,26.67518
1686145380000,1858.8,1859.8,1857.82,1859.03,11.83098
1686145440000,1858.55,1860.18,1842.4,1854.04,29.13173
1686145500000,1860.18,1860.24,1850.54,1858.25,14.49524
1686145560000,1858.18,1867.47,1856.04,1859.73,38.27412
1686145620000,1859.84,1860.31,1857.54,1860.2,19.65729
1686145680000,1860.25,1864.65,1856.86,1864.65,32.14412
1686145740000,1864.67,1864.97,1863.26,1863.26,14.9179
1686145800000,1862.96,1864.15,1862.96,1863.39,5.75805
1686145860000,1863.02,1866.97,1863.02,1866.61,16.02
1686145920000,1865.79,1865.84,1864.53,1864.53,8.95127
1686145980000,1864.49,1865.45,1864.45,1865.14,8.15783
1686146040000,1864.56,1864.66,1863.91,1864.59,5.30733
1686146100000,1864.35,1866.69,1864.35,1866.43,14.24901
1686146160000,1866.55,1867.68,1866.12,1866.12,10.79638
1686146220000,1866.01,1866.67,1865.18,1866.39,13.0738
1686146280000,1866.23,1866.26,1865.56,1865.56,8.40086
1686146340000,1865.42,1865.57,1864.9,1864.9,1.87911
1686146400000,1864.6,1864.62,1855.69,1863.38,8.74005
1686146460000,1863.43,1863.46,1862.35,1863.03,8.22126
1686146520000,1863.03,1863.49,1861.87,1861.87,5.53312
1686146580000,1861.61,1861.84,1860.1,1861.35,11.93741
1686146640000,1860.97,1861.56,1842.7,1861.43,24.74347
1686146700000,1861.14,1862.31,1861.07,1862.31,7.96397
1686146760000,1861.62,1861.97,1861.5,1861.97,5.74283
1686146820000,1861.64,1861.67,1860.47,1860.47,5.04643
1686146880000,1860.26,1860.94,1859.87,1860.94,24.63286
1686146940000,1860.21,1861.0,1860.21,1861.0,3.45049
1686147000000,1860.05,1860.6,1858.31,1860.6,14.13173
1686147060000,1860.58,1860.97,1860.58,1860.97,4.26152
1686147120000,1861.07,1861.44,1860.65,1861.44,5.41107
1686147180000,1861.65,1862.3,1861.65,1861.66,4.72591
1686147240000,1861.13,1861.22,1858.04,1858.04,6.67504
1686147300000,1857.68,1857.7,1854.19,1854.19,14.07007
1686147360000,1853.31,1856.57,1853.31,1856.57,25.63575
1686147420000,1856.63,1859.23,1856.63,1859.23,14.76393
1686147480000,1859.29,1859.29,1857.52,1857.52,4.91656
1686147540000,1857.51,1858.24,1857.2,1858.24,38.38472
1686147600000,1858.24,1858.24,1858.09,1858.09,34.58979
1686147660000,1857.76,1857.8,1856.18,1856.66,11.14172
1686147720000,1856.68,1856.72,1851.63,1853.37,8.66053
1686147780000,1852.19,1852.99,1851.28,1852.48,20.236
1686147840000,1852.42,1853.13,1300.0,1848.27,19.08235
1686147900000,1847.51,1851.51,1846.71,1851.51,36.15527
1686147960000,1851.72,1853.9,1851.72,1853.63,16.39857
1686148020000,1852.58,1855.89,1846.62,1855.73,31.21397
1686148080000,1854.76,1856.08,1854.68,1856.08,12.75438
1686148140000,1856.16,1857.49,1853.75,1857.06,25.73853
1686148200000,1856.4,1856.4,1800.0,1800.0,31.81646
1686148260000,1800.0,1851.92,1800.0,1850.83,20.18388
1686148320000,1850.89,1852.0,1848.34,1852.0,26.86155
1686148380000,1852.22,1854.0,1851.74,1851.77,13.94613
1686148440000,1851.85,1853.62,1849.74,1849.8,30.94394
1686148500000,1849.73,1850.27,1848.57,1849.15,14.66196
1686148560000,1848.62,1850.23,1846.55,1850.23,19.02571
1686148620000,1850.24,1850.78,1842.27,1844.02,22.87322
1686148680000,1844.18,1844.97,1839.72,1839.86,24.55388
1686148740000,1840.01,1842.8,1840.01,1840.59,20.67456
1686148800000,1840.04,1844.3,1838.84,1844.3,19.6588
1686148860000,1844.68,1844.68,1840.6,1842.26,18.28878
1686148920000,1842.26,1846.06,1840.53,1845.64,32.16782
1686148980000,1845.38,1846.24,1844.74,1844.8,23.87681
1686149040000,1844.92,1846.41,1844.73,1846.03,17.27587
1686149100000,1845.63,1846.85,1844.04,1846.85,31.88764
1686149160000,1847.23,1847.24,1843.0,1843.0,9.27956
1686149220000,1843.0,1843.0,1840.81,1842.23,14.13475
1686149280000,1842.25,1842.75,1840.81,1841.0,17.67208
1686149340000,1841.0,1842.32,1840.02,1841.17,18.20131
1686149400000,1840.28,1840.99,1839.27,1840.65,17.57576
1686149460000,1841.03,1844.52,1841.03,1843.3,21.18843
1686149520000,1843.06,1843.48,1840.63,1841.67,27.53534
1686149580000,1841.37,1843.85,1839.51,1843.54,22.90137
1686149640000,1843.77,1844.13,1841.01,1841.02,9.26844
1686149700000,1841.21,1841.78,1839.15,1841.69,20.68223
1686149760000,1841.71,1843.28,1841.67,1843.28,13.64583
1686149820000,1842.29,1842.78,1841.67,1842.78,12.75106
1686149880000,1842.46,1843.39,1842.45,1843.39,10.28197
1686149940000,1843.5,1844.88,1843.5,1844.4,9.44092
1686150000000,1843.79,1843.79,1838.41,1838.83,12.38766
1686150060000,1838.92,1839.03,1836.25,1837.38,21.35124
1686150120000,1836.68,1840.22,1835.14,1840.22,25.27127
1686150180000,1840.04,1843.69,1835.97,1843.47,33.17982
1686150240000,1843.47,1843.55,1840.32,1841.57,16.17349
1686150300000,1841.6,1843.7,1841.6,1843.7,21.2098
1686150360000,1843.53,1845.62,1843.52,1844.3,14.59308
1686150420000,1844.31,1844.86,1843.76,1844.54,11.2437
1686150480000,1844.52,1846.31,1844.52,1845.84,18.6562
1686150540000,1845.92,1849.45,1845.92,1848.67,17.44984
1686150600000,1848.42,1849.21,1846.28,1846.55,26.469
1686150660000,1846.35,1846.92,1845.63,1846.18,8.98403
1686150720000,1846.19,1846.51,1845.93,1846.51,6.69792
1686150780000,1846.59,1847.22,1846.05,1847.07,30.12147
1686150840000,1846.99,1848.9,1846.41,1847.81,11.67067
1686150900000,1847.86,1848.34,1846.44,1846.72,7.3997
1686150960000,1846.44,1846.47,1845.04,1845.04,3.75354
1686151020000,1845.01,1847.04,1845.01,1847.04,14.08594
1686151080000,1846.26,1848.01,1846.14,1848.01,16.17222
1686151140000,1847.84,1848.79,1847.84,1847.93,11.1163
1686151200000,1847.79,1847.89,1846.73,1846.76,5.02174
1686151260000,1846.85,1847.62,1846.69,1847.62,6.81583
1686151320000,1847.66,1848.04,1847.24,1847.24,5.43209
1686151380000,1847.15,1847.24,1846.82,1847.22,6.24053
1686151440000,1847.06,1847.06,1845.54,1845.54,4.16683
1686151500000,1845.04,1845.99,1844.93,1845.25,9.88758
1686151560000,1845.31,1845.95,1845.14,1845.95,7.65197
1686151620000,1845.44,1845.98,1845.22,1845.97,6.25805
1686151680000,1845.99,1847.09,1845.86,1847.08,5.70656
1686151740000,1847.09,1847.81,1846.82,1847.05,8.82924
1686151800000,1846.95,1847.89,1846.24,1847.89,12.00372
1686151860000,1848.0,1849.91,1848.0,1849.91,17.47667
1686151920000,1849.15,1851.42,1848.68,1851.42,17.81132
1686151980000,1851.56,1851.66,1850.34,1851.23,18.0069
1686152040000,1850.76,1851.97,1850.76,1850.76,12.34363
1686152100000,1850.67,1850.76,1841.99,1848.5,11.93351
1686152160000,1848.59,1848.69,1848.04,1848.48,10.75286
1686152220000,1848.28,1848.77,1847.81,1848.2,17.46788
1686152280000,1848.17,1848.62,1847.67,1848.22,8.21735
1686152340000,1848.23,1848.82,1847.51,1848.82,9.70782
1686152400000,1848.83,1848.86,1847.01,1847.01,9.07078
1686152460000,1846.75,1846.78,1844.43,1844.55,7.79467
1686152520000,1844.57,1844.69,1841.05,1843.01,20.36801
1686152580000,1842.93,1843.85,1841.82,1842.2,13.34804
1686152640000,1841.4,1841.46,1840.08,1840.09,15.01488
1686152700000,1840.15,1842.88,1838.69,1841.38,32.93127
1686152760000,1841.19,1843.0,1841.15,1842.23,20.77995
1686152820000,1842.48,1843.33,1840.36,1840.79,13.73102
1686152880000,1840.8,1842.0,1839.29,1842.0,22.01894
1686152940000,1842.05,1842.56,1841.51,1841.93,12.2689
1686153000000,1841.94,1841.97,1839.26,1839.92,9.42767
1686153060000,1839.94,1839.99,1836.27,1837.86,15.29978
1686153120000,1837.99,1839.84,1837.99,1839.27,20.47016
1686153180000,1839.33,1840.19,1839.2,1839.72,13.26031
1686153240000,1839.43,1839.67,1838.05,1839.67,13.72798
1686153300000,1839.81,1850.07,1834.99,1838.15,31.46389
1686153360000,1838.23,1838.6,1837.02,1838.19,16.86979
1686153420000,1837.97,1838.01,1837.01,1838.01,11.57122
1686153480000,1837.51,1838.09,1837.01,1838.09,9.85382
1686153540000,1837.83,1839.27,1837.83,1839.22,12.0132
1686153600000,1838.04,1838.04,1834.92,1834.92,19.29042
1686153660000,1836.04,1836.35,1834.54,1836.35,20.33159
1686153720000,1836.5,1842.36,1836.5,1839.03,26.44098
1686153780000,1839.08,1840.76,1836.54,1840.47,46.6425
1686153840000,1840.24,1841.04,1837.04,1841.04,28.39467
1686153900000,1841.19,1841.37,1839.7,1839.72,9.31844
1686153960000,1839.36,1841.08,1839.14,1841.08,12.17756
1686154020000,1841.11,1841.16,1838.04,1840.56,50.29628
1686154080000,1840.56,1841.23,1840.01,1841.23,13.86281
1686154140000,1841.26,1841.26,1840.27,1840.27,5.14418
1686154200000,1839.82,1839.84,1838.69,1839.17,10.61263
1686154260000,1839.27,1841.38,1839.27,1840.51,17.34309
1686154320000,1840.51,1840.62,1838.67,1838.67,8.8076
1686154380000,1838.54,1838.54,1834.54,1834.54,10.74917
1686154440000,1833.9,1836.19,1833.44,1835.06,22.40165
1686154500000,1835.13,1837.17,1833.72,1837.17,17.55937
1686154560000,1837.37,1838.9,1836.66,1837.29,16.14737
1686154620000,1837.3,1838.6,1837.3,1838.6,13.15216
1686154680000,1838.37,1840.21,1838.35,1840.2,14.76226
1686154740000,1840.22,1841.32,1839.85,1839.92,9.18327
1686154800000,1839.79,1840.95,1839.37,1839.69,8.73855
1686154860000,1839.73,1840.01,1839.73,1840.01,5.40695
1686154920000,1839.17,1840.75,1839.17,1840.75,9.93962
1686154980000,1840.78,1841.51,1840.78,1841.12,13.26473
1686155040000,1840.86,1841.42,1840.37,1840.64,9.96832
1686155100000,1840.34,1840.34,1835.96,1836.33,7.53839
1686155160000,1836.42,1836.52,1835.16,1836.52,12.33234
1686155220000,1836.63,1836.74,1834.47,1834.47,8.70823
1686155280000,1834.17,1835.37,1833.79,1834.24,16.15379
1686155340000,1834.3,1837.13,1834.3,1837.13,14.50132
1686155400000,1836.22,1836.71,1835.07,1836.71,12.90352
1686155460000,1836.81,1840.7,1836.81,1840.7,21.75443
1686155520000,1840.72,1841.02,1839.88,1841.02,12.7017
1686155580000,1841.09,1842.01,1840.72,1841.94,14.9885
1686155640000,1842.0,1843.87,1841.62,1842.38,21.71451
1686155700000,1841.76,1842.47,1840.24,1840.35,9.69027
1686155760000,1840.39,1841.31,1839.94,1840.36,18.06849
1686155820000,1839.89,1839.93,1839.14,1839.84,9.55466
1686155880000,1839.99,1840.03,1839.01,1839.45,6.5605
1686155940000,1839.3,1841.17,1839.01,1841.17,13.10744
1686156000000,1841.21,1841.22,1840.01,1840.03,9.00074
1686156060000,1840.1,1842.24,1840.1,1842.22,20.62359
1686156120000,1841.82,1841.82,1840.89,1840.89,5.75188
1686156180000,1840.77,1841.78,1840.77,1841.78,8.93442
1686156240000,1841.78,1842.32,1841.54,1841.93,10.99239
1686156300000,1842.21,1842.56,1841.33,1842.56,10.48357
1686156360000,1842.73,1843.96,1842.73,1843.96,12.28749
1686156420000,1843.97,1862.1,1843.79,1844.88,19.93321
1686156480000,1844.96,1845.22,1843.77,1844.17,7.03355
1686156540000,1844.33,1844.47,1843.86,1844.04,5.18079
1686156600000,1843.77,1843.85,1832.79,1842.66,12.46851
1686156660000,1842.5,1843.0,1841.68,1842.77,16.04222
1686156720000,1842.82,1842.99,1842.15,1842.65,15.20677
1686156780000,1842.65,1842.72,1842.41,1842.53,2.31886
1686156840000,1842.36,1842.38,1841.01,1841.06,6.93649
1686156900000,1840.81,1850.46,1840.78,1841.51,19.5464
1686156960000,1841.72,1842.49,1841.62,1841.62,6.7164
1686157020000,1841.51,1841.56,1841.01,1841.28,2.8092
1686157080000,1841.3,1841.44,1840.42,1840.44,6.83841
1686157140000,1840.51,1840.61,1840.33,1840.33,3.10254
1686157200000,1840.33,1841.16,1840.22,1841.16,9.68054
1686157260000,1840.61,1840.99,1840.61,1840.94,4.363
1686157320000,1841.0,1841.61,1840.51,1840.54,8.84233
1686157380000,1840.36,1840.38,1840.24,1840.24,1.4517
1686157440000,1840.23,1840.27,1829.12,1839.04,19.47452
1686157500000,1838.58,1838.95,1837.04,1837.04,8.68269
1686157560000,1835.99,1841.57,1835.99,1841.57,20.70318
1686157620000,1840.74,1841.1,1838.55,1838.78,10.70923
1686157680000,1838.8,1841.88,1838.8,1841.88,16.75273
1686157740000,1841.91,1843.17,1841.51,1841.88,10.60205
1686157800000,1841.88,1842.16,1834.85,1842.1,25.19949
1686157860000,1841.39,1841.39,1840.95,1840.95,2.33062
1686157920000,1840.98,1841.75,1840.51,1840.51,13.29916
1686157980000,1840.29,1840.38,1838.8,1838.81,3.97056
1686158040000,1838.65,1838.86,1837.98,1838.86,7.04464
1686158100000,1838.86,1840.17,1838.77,1840.17,14.46358
1686158160000,1840.14,1842.18,1840.11,1842.18,13.53073
1686158220000,1842.33,1842.53,1841.32,1841.32,10.77779
1686158280000,1840.68,1840.81,1838.74,1838.75,4.85904
1686158340000,1838.75,1840.43,1838.75,1840.43,10.21374
1686158400000,1840.49,1840.77,1839.75,1839.75,6.88561
1686158460000,1839.57,1839.83,1838.54,1838.85,6.71519
1686158520000,1838.78,1840.27,1838.78,1840.27,11.79116
1686158580000,1840.38,1841.84,1840.22,1841.17,14.19321
1686158640000,1841.13,1841.4,1840.51,1840.89,9.04396
1686158700000,1840.52,1840.52,1838.93,1839.53,8.34098
1686158760000,1839.64,1841.01,1839.64,1841.01,9.9575
1686158820000,1841.0,1841.49,1840.97,1841.49,6.08948
1686158880000,1841.3,1841.79,1841.15,1841.79,5.64753
1686158940000,1841.81,1842.75,1841.81,1842.29,6.41119
1686159000000,1842.29,1842.29,1841.5,1841.57,5.63584
1686159060000,1841.31,1844.01,1840.89,1844.01,11.20658
1686159120000,1844.02,1952.94,1842.7,1843.84,30.45647
1686159180000,1843.82,1846.94,1843.82,1846.94,15.6994
1686159240000,1846.93,1847.43,1846.01,1846.25,13.67408
1686159300000,1846.01,1846.06,1846.01,1846.01,2.03492
1686159360000,1846.01,1846.19,1846.01,1846.03,3.24459
1686159420000,1846.01,1847.25,1835.51,1846.63,39.14107
1686159480000,1846.65,1846.9,1844.54,1846.61,18.2086
1686159540000,1846.22,1846.26,1844.04,1846.22,9.8886
1686159600000,1846.0,1846.42,1180.0,1809.9,35.5535
1686159660000,1846.0,1846.48,1802.4,1846.48,12.46916
1686159720000,1846.51,1846.85,1845.98,1846.65,11.19431
1686159780000,1846.69,1848.21,1846.69,1847.96,11.05384
1686159840000,1848.01,1952.94,1836.31,1848.44,47.12233
1686159900000,1848.01,1848.99,1848.01,1848.18,12.49195
1686159960000,1848.22,1848.47,1848.01,1848.07,3.93885
1686160020000,1848.01,1848.05,1848.01,1848.03,1.81167
1686160080000,1848.01,1848.38,1848.01,1848.38,1.37411
1686160140000,1848.36,1848.36,1848.01,1848.32,4.99665
1686160200000,1848.36,1848.37,1848.0,1848.01,1.57996
1686160260000,1848.02,1848.44,1848.02,1848.29,5.61234
1686160320000,1848.09,1849.39,1848.09,1849.39,7.0814
1686160380000,1849.49,1850.27,1848.99,1848.99,19.65354
1686160440000,1849.01,1849.82,1848.85,1848.85,7.60064
1686160500000,1848.83,1850.04,1848.83,1850.04,3.2166
1686160560000,1850.04,1854.04,1849.06,1850.15,33.89466
1686160620000,1850.19,1850.73,1850.12,1850.68,4.35021
1686160680000,1850.01,1850.04,1850.01,1850.04,1.42154
1686160740000,1850.0,1850.04,1850.0,1850.04,1.15671
1686160800000,1850.01,1850.01,1848.86,1848.87,2.81047
1686160860000,1848.91,1850.54,1848.91,1850.33,8.23216
1686160920000,1850.27,1850.27,1850.06,1850.06,2.59458
1686160980000,1850.01,1850.35,1850.01,1850.18,2.58362
1686161040000,1850.01,1851.01,1827.0,1851.01,51.50331
1686161100000,1850.0,1850.0,1850.0,1850.0,0.28092
1686161160000,1850.01,1850.39,1850.01,1850.39,2.77244
1686161220000,1850.53,1850.7,1850.02,1850.16,7.97319
1686161280000,1850.16,1850.44,1850.15,1850.44,2.15161
1686161340000,1850.27,1851.4,1850.27,1851.4,6.4568
1686161400000,1850.64,1850.64,1850.01,1850.38,6.89958
1686161460000,1850.39,1850.5,1850.03,1850.19,4.31822
1686161520000,1850.16,1850.2,1850.02,1850.05,1.83242
1686161580000,1850.01,1850.67,1850.01,1850.67,5.40982
1686161640000,1850.71,1851.63,1850.6,1851.63,8.4133
1686161700000,1851.65,2007.45,1850.75,1850.75,12.40123
1686161760000,1850.83,1850.84,1850.27,1850.62,4.66385
1686161820000,1850.68,1850.93,1850.68,1850.93,2.09088
1686161880000,1850.76,1850.76,1850.76,1850.76,0.0088
1686161940000,1850.49,1850.51,1850.49,1850.51,1.0
1686162000000,1850.43,1850.46,1850.27,1850.27,1.29323
1686162060000,1850.2,1850.35,1849.15,1850.35,9.90378
1686162120000,1850.16,1851.17,1850.14,1851.17,3.28542
1686162180000,1851.17,1851.17,1850.92,1851.0,8.55487
1686162240000,1851.0,1851.01,1851.0,1851.01,3.06918
1686162300000,1851.0,1851.0,1851.0,1851.0,0.31333
1686162360000,1851.01,1851.17,1851.01,1851.17,1.13985
1686162420000,1851.18,1851.18,1849.9,1850.6,6.33864
1686162480000,1850.74,1852.52,1850.74,1852.52,7.17326
1686162540000,1852.5,2007.45,1849.4,1849.4,40.0639
1686162600000,1851.15,1851.46,1851.14,1851.46,10.55385
1686162660000,1851.59,1851.78,1851.53,1851.78,3.71094
1686162720000,1851.78,1851.78,1851.4,1851.4,0.72369
1686162780000,1851.27,1851.32,1850.87,1850.87,2.90462
1686162840000,1850.74,1851.2,1850.74,1851.19,5.31744
1686162900000,1851.21,1851.83,1850.13,1850.13,7.03316
1686162960000,1850.14,1851.66,1850.14,1851.66,7.89289
1686163020000,1851.84,1852.14,1851.59,1852.14,9.65398
1686163080000,1852.16,1852.33,1852.16,1852.33,0.93936
1686163140000,1851.77,1851.77,1851.2,1851.37,5.36401
1686163200000,1851.38,1851.46,1851.38,1851.38,1.0082
1686163260000,1851.03,1851.03,1850.71,1850.71,1.08058
1686163320000,1850.51,1850.73,1850.36,1850.36,3.02623
1686163380000,1850.26,1850.31,1849.45,1849.46,16.61011
1686163440000,1849.45,1849.49,1849.08,1849.37,3.43329
1686163500000,1849.5,1849.56,1848.54,1848.54,3.22363
1686163560000,1848.53,1848.92,1848.53,1848.92,3.34473
1686163620000,1848.99,1848.99,1848.28,1848.84,5.60329
1686163680000,1848.84,1848.99,1848.38,1848.38,2.3413
1686163740000,1848.35,1848.45,1848.06,1848.45,2.00785
1686163800000,1848.44,1848.63,1848.38,1848.63,4.01573
1686163860000,1848.63,1848.97,1848.63,1848.7,4.36516
1686163920000,1848.52,1849.06,1848.52,1849.06,3.05526
1686163980000,1849.07,1849.27,1849.0,1849.12,3.91425
1686164040000,1849.09,1849.4,1849.09,1849.4,2.28728
1686164100000,1849.46,1849.59,1849.46,1849.59,1.7139
1686164160000,1849.75,1849.75,1849.72,1849.72,1.0
1686164220000,1848.45,1848.89,1848.45,1848.89,3.03159
1686164280000,1848.93,1849.41,1848.92,1849.4,4.47171
1686164340000,1849.28,1849.42,1849.01,1849.42,2.50909
1686164400000,1849.48,1849.71,1849.42,1849.42,2.77358
1686164460000,1849.43,1849.46,1848.65,1848.68,1.34616
1686164520000,1848.69,1848.69,1847.37,1847.9,4.09687
1686164580000,1847.8,1848.54,1847.8,1848.54,6.24297
1686164640000,1848.54,1848.92,1847.85,1848.92,17.4371
1686164700000,1848.92,1849.43,1848.92,1849.43,3.6395
1686164760000,1849.48,1849.48,1849.48,1849.48,0.51366
1686164820000,1849.48,1849.48,1849.48,1849.48,0.0
1686164880000,1849.5,1849.51,1848.2,1848.44,5.32177
1686164940000,1848.32,1848.37,1848.3,1848.32,2.41208
1686165000000,1848.37,1848.44,1848.16,1848.23,2.83619
1686165060000,1848.27,1848.9,1848.27,1848.9,3.72086
1686165120000,1848.9,1849.91,1848.85,1849.91,8.74746
1686165180000,1849.98,1850.98,1849.91,1850.98,6.25952
1686165240000,1850.98,1850.98,1850.52,1850.52,4.47511
1686165300000,1849.78,1850.29,1849.78,1850.15,6.52398
1686165360000,1850.23,1851.05,1850.23,1850.86,8.35915
1686165420000,1850.35,1850.35,1849.08,1849.1,3.18409
1686165480000,1848.9,1848.94,1848.54,1848.54,5.09516
1686165540000,1848.31,1848.36,1847.77,1847.77,1.6499
1686165600000,1847.77,1848.57,1847.77,1848.57,8.22032
1686165660000,1848.66,1849.0,1848.6,1849.0,3.56301
1686165720000,1849.06,1851.19,1849.05,1851.19,8.7732
1686165780000,1851.19,1851.19,1849.72,1849.72,2.6324
1686165840000,1849.66,1849.72,1849.66,1849.66,1.09221
1686165900000,1849.49,1849.53,1849.13,1849.19,2.35185
1686165960000,1849.34,1849.35,1849.34,1849.35,1.0
1686166020000,1849.34,1850.06,1849.34,1849.74,3.67064
1686166080000,1849.54,1849.88,1849.54,1849.88,5.68166
1686166140000,1849.59,1850.66,1849.59,1850.66,4.98891
1686166200000,1850.5,1850.99,1849.64,1849.65,5.61553
1686166260000,1849.69,1849.77,1849.69,1849.74,1.8001
1686166320000,1849.66,1850.05,1849.66,1850.05,3.48135
1686166380000,1850.22,1850.22,1849.28,1849.28,2.21108
1686166440000,1849.15,1849.2,1849.15,1849.2,1.0
1686166500000,1849.15,1849.34,1849.15,1849.34,1.81139
1686166560000,1849.27,1850.47,1849.25,1850.47,7.69158
1686166620000,1849.93,1849.93,1848.56,1848.61,3.82853
1686166680000,1848.63,1849.24,1848.63,1849.24,4.86699
1686166740000,1849.24,1849.72,1849.16,1849.72,5.30927
1686166800000,1849.57,1849.68,1849.57,1849.68,1.89769
1686166860000,1849.7,1850.45,1849.7,1850.45,3.62659
1686166920000,1850.47,1851.13,1850.47,1851.13,4.53317
1686166980000,1851.15,1851.16,1851.15,1851.16,0.89675
1686167040000,1850.98,1851.24,1850.67,1851.24,5.12758
1686167100000,1851.29,2064.56,1850.05,1850.05,36.09405
1686167160000,1849.9,1849.94,1849.9,1849.94,1.0
1686167220000,1849.37,1849.41,1848.98,1848.98,1.9253
1686167280000,1848.88,1848.94,1848.17,1848.69,7.13007
1686167340000,1848.68,1849.15,1848.68,1849.15,5.17535
1686167400000,1849.19,1849.9,1849.19,1849.9,11.59608
1686167460000,1849.98,1851.26,1849.96,1851.26,10.43358
1686167520000,1851.2,1851.47,1851.2,1851.47,2.51751
1686167580000,1851.25,1851.65,1851.25,1851.37,6.08753
1686167640000,1851.38,1851.59,1851.12,1851.12,5.63041
1686167700000,1850.15,1852.21,1850.01,1850.39,18.26891
1686167760000,1850.02,1850.41,1850.02,1850.41,3.26974
1686167820000,1850.41,1850.41,1850.35,1850.35,1.0
1686167880000,1850.16,1850.82,1850.15,1850.82,8.32215
1686167940000,1850.81,1851.03,1850.69,1850.69,4.13355
1686168000000,1850.37,1850.92,1849.73,1849.73,6.05447
1686168060000,1849.64,1849.67,1848.94,1848.95,1.99087
1686168120000,1848.99,1849.03,1848.99,1849.0,1.43791
1686168180000,1848.63,1848.65,1847.11,1847.11,3.48961
1686168240000,1847.13,1847.22,1846.3,1846.59,6.67651
1686168300000,1846.63,1847.27,1846.63,1847.27,5.13643
1686168360000,1847.28,1847.53,1847.24,1847.53,5.75116
1686168420000,1847.63,1848.22,1847.63,1848.22,5.31382
1686168480000,1848.5,1848.68,1848.5,1848.68,1.74702
1686168540000,1848.26,1848.26,1848.05,1848.05,0.61636
1686168600000,1847.8,1847.82,1847.5,1847.52,2.26108
1686168660000,1847.31,1847.34,1847.31,1847.31,1.33021
1686168720000,1846.84,1846.84,1846.0,1846.0,2.61568
1686168780000,1845.93,1845.96,1765.0,1842.61,17.76805
1686168840000,1842.64,1842.84,1841.33,1842.49,17.36351
1686168900000,1842.38,1842.54,1841.62,1841.7,4.47951
1686168960000,1841.5,1842.19,1841.42,1842.19,7.90864
1686169020000,1842.21,1842.85,1842.21,1842.85,5.47551
1686169080000,1842.86,1843.56,1842.86,1843.56,6.9206
1686169140000,1843.56,1844.26,1843.56,1844.19,6.65253
1686169200000,1844.08,1844.88,1844.08,1844.88,6.44659
1686169260000,1845.0,1845.1,1844.81,1844.91,3.49315
1686169320000,1844.67,1844.67,1842.28,1842.72,5.35335
1686169380000,1842.79,1842.81,1841.64,1841.64,3.78248
1686169440000,1841.65,1841.7,1840.21,1840.72,5.31071
1686169500000,1840.61,1840.74,1839.01,1840.09,9.31696
1686169560000,1840.24,1840.5,1840.13,1840.5,5.68498
1686169620000,1840.49,1840.92,1840.41,1840.92,9.92015
1686169680000,1840.95,1842.35,1840.95,1842.35,9.88275
1686169740000,1842.37,1842.58,1841.42,1841.77,7.14996
1686169800000,1841.82,1842.64,1841.82,1842.64,8.39738
1686169860000,1842.69,1842.91,1842.5,1842.5,5.99312
1686169920000,1842.5,1843.09,1842.5,1843.09,4.00052
1686169980000,1843.23,1843.42,1843.19,1843.41,5.26044
1686170040000,1843.41,1843.41,1843.41,1843.41,0.0
1686170100000,1843.29,1843.54,1843.29,1843.54,4.42298
1686170160000,1843.57,1843.6,1843.53,1843.6,1.45021
1686170220000,1842.57,1842.57,1842.51,1842.51,0.81407
1686170280000,1842.19,1842.22,1842.19,1842.2,1.52876
1686170340000,1842.18,1842.18,1842.14,1842.14,1.0
1686170400000,1842.19,1842.21,1842.19,1842.21,1.2
1686170460000,1842.19,1842.3,1842.19,1842.22,1.2
1686170520000,1842.21,1842.3,1842.14,1842.23,2.20493
1686170580000,1842.14,1842.43,1842.14,1842.43,3.14532
1686170640000,1842.43,1842.43,1842.43,1842.43,0.0
1686170700000,1842.5,1842.5,1842.49,1842.5,0.64307
1686170760000,1842.5,1842.5,1842.5,1842.5,0.0
1686170820000,1842.39,1842.44,1842.39,1842.44,1.0
1686170880000,1842.44,1842.5,1842.42,1842.42,1.912
1686170940000,1842.42,1842.49,1842.42,1842.49,1.0
1686171000000,1842.38,1842.38,1842.35,1842.35,1.10312
1686171060000,1842.35,1842.35,1842.26,1842.26,0.99584
1686171120000,1842.26,1842.26,1842.26,1842.26,0.0
1686171180000,1842.26,1842.26,1841.78,1841.78,1.59976
1686171240000,1841.66,1841.74,1840.18,1840.18,1.93335
1686171300000,1840.18,1840.34,1840.1,1840.34,2.06204
1686171360000,1840.34,1840.34,1840.34,1840.34,0.2
1686171420000,1840.33,1840.43,1840.25,1840.43,2.33424
1686171480000,1840.43,1840.5,1840.43,1840.44,1.61831
1686171540000,1840.34,1840.34,1840.13,1840.15,1.16161
1686171600000,1840.24,1840.24,1840.19,1840.2,1.28875
1686171660000,1840.2,1840.25,1840.05,1840.06,2.07711
1686171720000,1840.18,1840.3,1840.04,1840.04,1.05917
1686171780000,1840.04,1840.05,1839.95,1840.05,3.52912
1686171840000,1840.05,1840.07,1840.05,1840.07,1.03471
1686171900000,1840.16,1840.16,1840.12,1840.12,1.27171
1686171960000,1840.16,1840.21,1840.16,1840.21,1.0
1686172020000,1840.21,1840.23,1840.09,1840.09,1.91838
1686172080000,1840.09,1840.25,1840.09,1840.21,1.07545
1686172140000,1840.14,1845.68,1760.0,1839.53,32.50296
1686172200000,1839.62,1839.62,1839.21,1839.21,3.31241
1686172260000,1839.21,1839.21,1839.09,1839.09,1.00005
1686172320000,1839.09,1839.09,1838.95,1838.95,4.0
1686172380000,1839.01,1839.33,1838.92,1839.33,3.29277
1686172440000,1839.43,1840.16,1839.43,1840.16,3.75027
1686172500000,1840.2,1841.21,1840.19,1841.21,6.55169
1686172560000,1841.38,1842.34,1841.21,1841.96,9.59759
1686172620000,1841.77,1842.0,1840.7,1841.2,7.46595
1686172680000,1841.42,1842.39,1841.42,1842.33,4.02191
1686172740000,1842.34,1842.37,1842.13,1842.16,2.05224
1686172800000,1842.24,1842.67,1842.24,1842.67,4.57212
1686172860000,1842.67,1842.67,1842.67,1842.67,0.0
1686172920000,1842.51,1843.8,1842.51,1843.03,10.04688
1686172980000,1842.92,1842.92,1842.7,1842.78,4.58928
1686173040000,1842.78,1842.87,1842.77,1842.77,1.56393
1686173100000,1842.77,1842.77,1842.32,1842.32,0.79242
1686173160000,1842.33,1842.41,1842.32,1842.32,1.3032
1686173220000,1842.33,1844.1,1842.33,1844.1,9.00988
1686173280000,1844.12,1844.3,1843.13,1843.13,10.15439
1686173340000,1843.37,1844.29,1843.37,1844.29,2.91931
1686173400000,1844.26,1844.28,1844.17,1844.28,1.79653
1686173460000,1843.87,1843.87,1843.68,1843.68,0.50402
1686173520000,1843.17,1843.18,1843.17,1843.18,1.0
1686173580000,1842.78,1842.78,1842.36,1842.36,1.95069
1686173640000,1842.36,1845.78,1820.29,1841.51,37.72756
1686173700000,1841.51,1841.55,1840.13,1840.13,3.19541
1686173760000,1840.04,1840.04,1838.27,1838.57,7.41299
1686173820000,1838.51,1840.37,1838.51,1840.01,4.50539
1686173880000,1840.0,1840.0,1839.0,1839.0,2.79365
1686173940000,1839.02,1839.07,1837.04,1837.04,3.32442
1686174000000,1836.1,1836.19,1833.85,1834.12,7.65472
1686174060000,1834.12,1835.23,1834.12,1835.23,4.96718
1686174120000,1835.21,1835.23,1834.36,1834.36,3.87723
1686174180000,1834.02,1834.11,1833.46,1833.67,3.2572
1686174240000,1833.89,1872.36,1833.89,1836.07,22.83753
1686174300000,1836.07,1837.57,1836.0,1837.57,6.14919
1686174360000,1837.48,1837.64,1837.47,1837.64,2.10438
1686174420000,1837.54,1837.58,1837.53,1837.53,1.1522
1686174480000,1837.53,1837.53,1837.53,1837.53,0.0
1686174540000,1837.54,1837.86,1837.54,1837.64,1.64846
1686174600000,1837.76,1837.8,1837.64,1837.8,1.59062
1686174660000,1837.6,1837.69,1837.23,1837.24,1.96322
1686174720000,1837.42,1837.5,1837.42,1837.5,1.1522
1686174780000,1837.06,1837.06,1835.33,1835.33,2.59728
1686174840000,1835.04,1835.04,1824.13,1825.09,20.86997
1686174900000,1825.09,1834.24,1100.0,1830.87,26.30937
1686174960000,1830.74,1830.75,1822.5,1827.16,28.48492
1686175020000,1827.17,1827.29,1824.94,1825.8,16.52413
1686175080000,1825.8,1825.8,1822.86,1823.26,12.92303
1686175140000,1823.62,1824.15,1821.75,1822.16,17.61192
1686175200000,1822.43,1827.27,1821.56,1824.57,23.18736
1686175260000,1824.68,1824.76,1824.19,1824.76,47.73965
1686175320000,1824.76,1824.76,1824.67,1824.76,48.53631
1686175380000,1824.76,1827.75,1824.76,1827.05,17.96993
1686175440000,1826.9,1827.07,1825.58,1826.07,8.54002
1686175500000,1826.1,1826.34,1825.14,1825.32,6.55592
1686175560000,1825.32,1826.62,1825.32,1825.35,20.633
1686175620000,1825.25,1826.39,1824.94,1826.39,10.11692
1686175680000,1826.45,1828.81,1826.45,1828.81,13.86957
1686175740000,1828.3,1829.28,1828.3,1829.07,7.90089
1686175800000,1829.13,1829.96,1828.95,1829.96,11.99841
1686175860000,1829.6,1829.6,1828.96,1829.1,2.70599
1686175920000,1828.97,1829.05,1828.97,1829.05,1.0
1686175980000,1828.97,1831.47,1828.97,1831.47,11.40473
1686176040000,1831.47,1832.29,1830.89,1832.29,10.57134
1686176100000,1831.9,1831.9,1830.46,1831.4,9.28029
1686176160000,1831.28,1832.86,1831.28,1832.86,14.41094
1686176220000,1832.86,1834.18,1832.86,1833.37,15.99442
1686176280000,1833.32,1833.63,1832.51,1832.62,7.34745
1686176340000,1832.8,1832.9,1832.67,1832.75,3.29161
1686176400000,1832.76,1832.88,1831.51,1831.51,5.26946
1686176460000,1831.36,1831.49,1831.05,1831.05,4.50996
1686176520000,1831.05,1831.07,555.0,1830.04,14.20515
1686176580000,1830.13,1830.77,1828.83,1830.77,16.23678
1686176640000,1830.98,1831.23,1829.74,1829.74,8.28505
1686176700000,1829.78,1829.84,1828.9,1828.9,7.14442
1686176760000,1828.58,1829.41,1827.11,1829.3,13.79831
1686176820000,1828.75,1828.84,1827.69,1827.83,5.97772
1686176880000,1827.71,1827.76,1827.32,1827.36,4.95627
1686176940000,1827.42,1873.29,1827.29,1827.88,20.13564
1686177000000,1827.84,1828.39,1827.62,1827.95,9.01819
1686177060000,1827.99,1831.31,1827.99,1831.03,15.60589
1686177120000,1830.55,1830.55,1829.05,1829.49,8.11927
1686177180000,1829.62,1830.04,1829.38,1830.04,6.07603
1686177240000,1829.94,1829.95,1829.45,1829.45,4.41053
1686177300000,1829.23,1829.28,1828.51,1828.51,1.36574
1686177360000,1828.04,1828.13,1827.15,1827.42,7.41298
1686177420000,1827.71,1828.07,1826.41,1826.55,9.46392
1686177480000,1826.55,1828.42,1826.55,1828.41,12.68881
1686177540000,1828.3,1829.26,1828.3,1828.99,8.96236
1686177600000,1828.59,1828.86,1828.43,1828.43,3.8413
1686177660000,1828.38,1828.42,1827.67,1827.67,4.15105
1686177720000,1827.67,1828.42,1827.67,1828.42,5.32696
1686177780000,1827.78,1827.89,1827.47,1827.61,3.8461
1686177840000,1827.64,1828.37,1827.64,1828.37,5.38135
1686177900000,1828.37,1829.52,1828.02,1829.52,11.39359
1686177960000,1829.59,1829.9,1829.41,1829.75,8.06949
1686178020000,1829.84,1829.99,1829.62,1829.62,2.07119
1686178080000,1829.67,1830.37,1829.36,1829.36,9.86879
1686178140000,1829.29,1830.06,1829.29,1830.06,3.90186
1686178200000,1830.25,1830.59,1830.13,1830.59,4.34551
1686178260000,1830.54,1830.54,1830.14,1830.17,1.48613
1686178320000,1830.12,1830.64,1830.12,1830.64,3.93363
1686178380000,1830.72,1831.0,1829.82,1829.82,3.7588
1686178440000,1829.83,1830.21,1829.83,1830.21,3.55171
1686178500000,1830.21,1830.27,1828.83,1828.99,2.74145
1686178560000,1829.03,1829.13,1828.36,1828.37,3.22628
1686178620000,1828.39,1830.27,1828.39,1830.27,12.97031
1686178680000,1830.02,1830.1,1829.4,1829.4,7.61298
1686178740000,1829.42,1829.49,1829.04,1829.4,4.81574
1686178800000,1829.45,1830.33,1829.45,1830.33,6.19137
1686178860000,1830.33,1831.25,1830.33,1831.01,11.96666
1686178920000,1830.95,1831.1,1830.4,1831.1,5.9316
1686178980000,1831.14,1831.7,1831.14,1831.52,6.90144
1686179040000,1831.56,1831.56,1831.17,1831.22,2.65925
1686179100000,1831.31,1831.76,1830.31,1830.31,7.56979
1686179160000,1830.23,1830.27,1830.01,1830.21,2.94511
1686179220000,1830.19,1830.48,1830.03,1830.45,5.20143
1686179280000,1830.45,1830.46,1829.41,1829.41,4.44305
1686179340000,1829.3,1830.09,1829.02,1829.91,9.45052
1686179400000,1829.09,1829.09,1828.03,1828.03,4.86695
1686179460000,1827.88,1828.43,1825.85,1825.98,8.49271
1686179520000,1826.02,1826.76,1825.11,1826.76,10.32113
1686179580000,1826.91,1827.2,1826.15,1826.23,10.23132
1686179640000,1826.44,1827.09,1826.33,1827.09,9.2388
1686179700000,1827.1,1827.36,1827.07,1827.32,5.92574
1686179760000,1827.5,1827.91,1827.44,1827.91,5.92028
1686179820000,1827.96,1827.96,1827.8,1827.82,1.88084
1686179880000,1828.0,1829.37,1828.0,1829.37,6.95497
1686179940000,1829.28,1829.97,1829.22,1829.52,9.53784
1686180000000,1829.55,1829.82,1829.32,1829.43,4.15399
1686180060000,1829.44,1830.24,1829.44,1830.24,6.54105
1686180120000,1830.29,1830.52,1830.11,1830.11,4.78612
1686180180000,1830.02,1830.34,1830.02,1830.34,6.08137
1686180240000,1830.52,1830.59,1830.29,1830.59,6.0258
1686180300000,1830.51,1830.51,1830.11,1830.11,1.20101
1686180360000,1830.11,1830.13,1829.9,1830.1,2.66659
1686180420000,1830.18,1830.36,1830.09,1830.36,3.50229
1686180480000,1830.37,1830.45,1830.36,1830.45,1.77556
1686180540000,1830.5,1830.52,1830.5,1830.51,1.36567
1686180600000,1830.26,1830.75,1830.26,1830.59,6.53378
1686180660000,1830.62,1832.08,1830.62,1832.08,14.34116
1686180720000,1832.22,1862.71,1832.03,1832.61,15.78284
1686180780000,1832.66,1832.66,1832.03,1832.55,6.2269
1686180840000,1832.59,1832.98,1832.52,1832.98,4.00538
1686180900000,1832.98,1832.98,1831.01,1831.02,3.65025
1686180960000,1831.15,1831.58,1830.01,1830.01,17.64035
1686181020000,1831.3,1831.69,1831.16,1831.69,3.34978
1686181080000,1831.62,1831.66,1831.62,1831.66,1.20073
1686181140000,1831.68,1831.98,1831.68,1831.98,3.40649
1686181200000,1831.75,1831.96,1830.87,1831.11,5.96942
1686181260000,1831.22,1831.54,1831.22,1831.54,2.86741
1686181320000,1831.53,1831.58,1831.49,1831.58,2.42505
1686181380000,1831.59,1831.6,1831.58,1831.58,0.9062
1686181440000,1831.59,1832.32,1831.59,1832.32,2.85573
1686181500000,1832.3,1832.3,1831.77,1832.18,3.40132
1686181560000,1832.22,1832.87,1832.22,1832.78,4.02767
1686181620000,1832.68,1853.28,1332.69,1832.48,32.76595
1686181680000,1832.55,1832.74,1832.34,1832.39,10.98653
1686181740000,1832.39,1832.74,1832.39,1832.74,3.54039
1686181800000,1832.78,1832.81,1832.08,1832.09,4.719
1686181860000,1832.08,1832.51,1832.08,1832.51,6.05921
1686181920000,1832.53,1832.56,1832.51,1832.56,1.80611
1686181980000,1833.33,1833.56,1833.33,1833.47,8.34364
1686182040000,1833.48,1833.51,1832.85,1833.1,3.25659
1686182100000,1833.11,1833.12,1832.7,1832.7,1.40376
1686182160000,1832.35,1832.46,1832.08,1832.25,6.17402
1686182220000,1832.21,1833.38,1832.18,1832.18,16.8315
1686182280000,1832.21,1832.22,1832.03,1832.22,2.41245
1686182340000,1832.18,1832.18,1832.07,1832.07,0.96608
1686182400000,1832.13,1832.23,1831.18,1832.23,10.10648
1686182460000,1832.31,1832.46,1832.29,1832.35,3.06963
1686182520000,1832.12,1832.34,1831.96,1832.15,4.22574
1686182580000,1832.16,1832.34,1832.16,1832.24,2.9102
1686182640000,1832.19,1832.65,1832.19,1832.65,3.13254
1686182700000,1832.66,1833.14,1832.63,1833.14,6.37386
1686182760000,1833.18,1833.87,1832.62,1832.62,5.25323
1686182820000,1831.8,1832.12,1831.01,1831.35,5.23766
1686182880000,1831.21,1831.9,1831.21,1831.68,7.20968
1686182940000,1831.69,1832.44,1831.62,1832.44,5.81601
1686183000000,1832.28,1834.89,1832.25,1834.71,13.96601
1686183060000,1834.74,1835.74,1834.74,1835.5,11.5172
1686183120000,1835.42,1835.42,1834.47,1834.64,6.6027
1686183180000,1834.71,1834.94,1332.69,1833.42,20.19515
1686183240000,1833.15,1833.17,1801.39,1831.69,9.97581
1686183300000,1831.72,1832.14,1831.55,1831.55,3.57091
1686183360000,1831.48,1832.33,1831.11,1832.33,9.80545
1686183420000,1832.33,1832.93,1832.25,1832.93,7.15092
1686183480000,1832.85,1834.0,1832.85,1833.86,7.13026
1686183540000,1833.81,1834.13,1833.79,1834.13,2.70111
1686183600000,1833.82,1834.21,1833.81,1834.17,4.46677
1686183660000,1833.55,1833.55,1832.06,1832.08,4.28912
1686183720000,1832.18,1835.5,1832.18,1833.15,24.73183
1686183780000,1833.29,1833.89,1833.28,1833.89,7.29883
1686183840000,1833.94,1833.94,1833.67,1833.9,3.60446
1686183900000,1833.82,1833.82,1833.17,1833.45,2.72728
1686183960000,1833.46,1834.11,1833.46,1834.11,5.86924
1686184020000,1834.48,1834.48,1834.02,1834.36,5.30137
1686184080000,1834.45,1835.16,1833.61,1833.61,17.31138
1686184140000,1834.33,1834.37,1834.33,1834.37,1.0
1686184200000,1834.33,1835.37,1834.33,1834.77,6.33218
1686184260000,1834.68,1835.15,1834.68,1835.15,3.63226
1686184320000,1834.42,1834.42,1834.06,1834.06,1.41201
1686184380000,1834.05,1834.89,1834.03,1834.5,8.88703
1686184440000,1834.47,1835.87,1834.45,1835.87,8.06813
1686184500000,1835.79,1835.79,1835.36,1835.69,5.50343
1686184560000,1835.8,1835.84,1835.8,1835.84,0.8824
1686184620000,1835.92,1836.43,1835.92,1836.35,5.06975
1686184680000,1836.34,1838.2,1836.34,1836.55,12.89544
1686184740000,1836.44,1836.68,1836.44,1836.68,4.0456
1686184800000,1836.34,1836.37,1835.13,1835.23,5.25982
1686184860000,1835.16,1835.58,1835.16,1835.4,6.54361
1686184920000,1835.42,1835.42,1835.24,1835.24,1.30514
1686184980000,1835.13,1835.17,1834.54,1834.58,3.49763
1686185040000,1834.61,1834.78,1834.59,1834.78,3.26187
1686185100000,1834.85,1834.85,1834.51,1834.58,2.64069
1686185160000,1834.65,1835.03,1834.65,1835.03,4.86401
1686185220000,1834.82,1834.97,1834.82,1834.97,4.18799
1686185280000,1835.4,1835.46,1834.51,1834.58,4.23676
1686185340000,1834.67,1834.78,1834.62,1834.78,3.01657
1686185400000,1834.79,1834.84,1834.21,1834.36,1.94342
1686185460000,1834.36,1835.35,1834.36,1835.35,5.80139
1686185520000,1835.32,1835.35,1835.13,1835.35,4.51708
1686185580000,1835.35,1836.01,1835.35,1836.01,4.07464
1686185640000,1835.96,1836.48,1835.96,1836.47,2.12378
1686185700000,1835.83,1835.83,1835.54,1835.54,0.84949
1686185760000,1835.53,1835.61,1835.53,1835.61,1.0
1686185820000,1835.14,1835.53,1835.14,1835.53,3.05122
1686185880000,1835.06,1835.28,1835.0,1835.28,3.85535
1686185940000,1835.34,1835.51,1835.34,1835.51,1.32389
1686186000000,1835.52,1836.37,1835.29,1835.36,5.55607
1686186060000,1835.42,1835.75,1835.42,1835.75,2.50357
1686186120000,1835.72,1835.93,1835.68,1835.92,3.85192
1686186180000,1835.92,1836.12,1768.7,1835.86,34.46775
1686186240000,1835.87,1835.92,1835.87,1835.92,1.0
1686186300000,1835.87,1837.21,1835.87,1837.21,11.76798
1686186360000,1837.4,1838.16,1790.0,1790.0,25.24849
1686186420000,1838.17,1838.57,1837.4,1838.57,18.58954
1686186480000,1837.53,1838.08,1837.53,1838.08,8.47619
1686186540000,1838.02,1838.3,1837.68,1838.3,6.04911
1686186600000,1838.02,1838.31,1837.95,1838.02,4.67441
1686186660000,1838.03,1838.21,1837.92,1837.92,3.08476
1686186720000,1837.69,1838.22,1837.69,1838.22,6.83905
1686186780000,1838.15,1838.63,1838.09,1838.61,7.16452
1686186840000,1838.38,1839.48,1838.2,1839.36,15.58516
1686186900000,1839.36,1839.77,1839.22,1839.47,9.42729
1686186960000,1839.29,1839.32,1838.66,1838.66,2.12038
1686187020000,1838.4,1839.91,1838.39,1839.91,16.80579
1686187080000,1838.05,1838.07,1838.05,1838.07,1.0
1686187140000,1838.05,1838.15,1838.05,1838.15,2.81814
1686187200000,1838.19,1838.19,1838.09,1838.15,2.65368
1686187260000,1838.16,1838.43,1838.16,1838.43,4.10611
1686187320000,1838.17,1838.26,1838.17,1838.26,1.74613
1686187380000,1838.27,1838.39,1838.14,1838.29,5.35698
1686187440000,1838.24,1838.34,1838.24,1838.34,1.0825
1686187500000,1838.38,1838.63,1838.36,1838.63,3.10538
1686187560000,1838.63,1838.63,1838.2,1838.57,8.44385
1686187620000,1838.58,1838.6,1838.44,1838.57,2.19117
1686187680000,1838.44,1838.57,1838.44,1838.57,4.32423
1686187740000,1838.58,1838.58,1838.49,1838.49,1.27195
1686187800000,1838.59,1838.6,1838.01,1838.01,1.01443
1686187860000,1838.01,1838.03,1837.3,1837.3,3.29186
1686187920000,1837.04,1837.82,1836.67,1837.82,9.60534
1686187980000,1837.85,1838.56,1837.85,1838.04,4.26457
1686188040000,1838.04,1838.09,1838.04,1838.09,1.8373
1686188100000,1838.0,1838.01,1838.0,1838.01,0.38049
1686188160000,1838.01,1838.2,1838.01,1838.2,3.14456
1686188220000,1838.19,1838.75,1838.11,1838.75,4.1654
1686188280000,1838.86,1839.76,1838.85,1839.05,6.47446
1686188340000,1839.05,1839.05,1839.05,1839.05,0.0
1686188400000,1839.06,1839.06,1839.06,1839.06,0.20119
1686188460000,1838.9,1838.9,1838.9,1838.9,0.49487
1686188520000,1838.42,1838.48,1838.35,1838.35,1.47865
1686188580000,1838.38,1838.4,1838.38,1838.4,1.0
1686188640000,1838.37,1838.39,1838.37,1838.39,0.87832
1686188700000,1839.01,1839.59,1838.92,1839.59,7.34948
1686188760000,1839.11,1839.11,1838.01,1838.76,6.47281
1686188820000,1838.79,1838.82,1838.79,1838.82,1.0
1686188880000,1838.48,1838.5,1838.48,1838.5,1.0
1686188940000,1838.29,1838.44,1837.86,1837.86,2.92023
1686189000000,1837.79,1837.86,1837.79,1837.86,1.88693
1686189060000,1837.32,1837.96,1837.32,1837.96,6.79523
1686189120000,1837.98,1837.98,1837.87,1837.87,2.0
1686189180000,1837.87,1837.87,1837.87,1837.87,0.0
1686189240000,1837.64,1837.94,1837.64,1837.94,3.07294
1686189300000,1838.19,1838.19,1837.82,1838.06,4.78044
1686189360000,1838.13,1838.48,1838.08,1838.08,2.31633
1686189420000,1838.11,1838.14,1838.11,1838.14,1.0
1686189480000,1838.11,1838.2,1838.11,1838.2,1.07445
1686189540000,1838.2,1838.28,1838.11,1838.28,3.13884
1686189600000,1838.5,1838.73,1838.5,1838.54,2.98871
1686189660000,1838.53,1838.53,1838.51,1838.51,1.0
1686189720000,1838.54,1838.93,1838.54,1838.93,2.77892
1686189780000,1838.96,1839.13,1838.93,1839.13,2.44637
1686189840000,1839.17,1839.23,1838.82,1838.82,2.262
1686189900000,1838.79,1838.81,1838.55,1838.66,2.83287
1686189960000,1838.68,1838.98,1838.68,1838.98,3.5504
1686190020000,1839.09,1839.15,1838.56,1838.56,4.00618
1686190080000,1838.28,1838.3,1838.14,1838.14,1.42978
1686190140000,1838.14,1838.17,1838.13,1838.13,1.09792
1686190200000,1838.01,1838.23,1838.01,1838.23,3.47525
1686190260000,1838.41,1838.75,1838.21,1838.3,6.50279
1686190320000,1838.21,1838.23,1838.21,1838.23,1.0
1686190380000,1837.96,1837.96,1837.95,1837.95,0.42976
1686190440000,1837.88,1838.18,1837.81,1838.18,3.19235
1686190500000,1838.48,1838.48,1838.04,1838.04,2.93031
1686190560000,1838.09,1838.67,1838.09,1838.67,5.36768
1686190620000,1838.89,1839.22,1838.87,1839.22,4.28423
1686190680000,1839.25,1839.72,1838.54,1838.54,8.83997
1686190740000,1838.57,1838.78,1838.57,1838.78,4.00217
1686190800000,1838.68,1839.09,1838.68,1839.09,3.75695
1686190860000,1839.11,1840.56,1839.11,1840.56,6.18541
1686190920000,1840.64,1841.35,1840.59,1841.1,19.195
1686190980000,1841.12,1841.4,1840.97,1840.97,3.93264
1686191040000,1840.97,1841.01,1840.97,1841.01,1.0
1686191100000,1840.95,1840.95,1840.51,1840.53,1.12445
1686191160000,1840.62,1840.62,1839.43,1840.18,18.69115
1686191220000,1840.19,1840.71,1840.05,1840.71,7.91134
1686191280000,1840.71,1840.79,1840.66,1840.79,2.49937
1686191340000,1840.78,1841.34,1840.75,1841.34,5.68759
1686191400000,1841.41,1841.45,1841.09,1841.09,1.47298
1686191460000,1840.82,1840.83,1840.36,1840.64,4.35765
1686191520000,1840.54,1840.57,1840.54,1840.57,1.0
1686191580000,1840.45,1840.52,1840.05,1840.24,4.53197
1686191640000,1840.08,1840.12,1839.6,1839.63,2.24449
1686191700000,1839.76,1842.16,1839.76,1842.16,17.38267
1686191760000,1839.58,1839.58,1578.15,1839.38,34.6953
1686191820000,1839.05,1839.4,1839.05,1839.14,3.50637
1686191880000,1839.24,1839.4,1839.12,1839.12,3.01162
1686191940000,1839.12,1839.71,1839.12,1839.63,3.39759
1686192000000,1839.49,1839.57,1839.49,1839.57,1.89017
1686192060000,1839.26,1839.27,1839.26,1839.27,0.50564
1686192120000,1839.28,1839.34,1839.25,1839.34,2.46791
1686192180000,1839.43,1839.43,1839.32,1839.35,2.57602
1686192240000,1839.41,1839.41,1839.41,1839.41,0.17941
1686192300000,1839.42,1839.42,1839.07,1839.07,0.63179
1686192360000,1838.88,1838.93,1838.88,1838.93,1.0
1686192420000,1838.41,1838.44,1837.87,1837.87,2.137
1686192480000,1837.89,1837.92,1837.7,1837.72,1.48964
1686192540000,1837.72,1837.75,1837.72,1837.75,1.0
1686192600000,1837.6,1837.6,1837.38,1837.49,2.97008
1686192660000,1837.43,1837.46,1837.43,1837.46,0.89253
1686192720000,1837.46,1837.46,1837.46,1837.46,0.0
1686192780000,1837.28,1837.66,1837.24,1837.66,6.10063
1686192840000,1837.77,1837.96,1837.57,1837.96,3.87959
1686192900000,1837.97,1838.22,1837.95,1838.21,2.89864
1686192960000,1837.99,1837.99,1837.9,1837.9,0.73453
1686193020000,1837.66,1837.7,1837.66,1837.7,1.0
1686193080000,1837.32,1837.5,1837.32,1837.5,2.25683
1686193140000,1837.33,1839.23,1837.33,1839.23,15.92677
